{"cameraMode":{"drawMode":0,"name":"Shaded","section":"Shading Mode"},"sceneLighting":false,"audioPlay":false,"sceneViewState":{"showFog":true,"showMaterialUpdate":false,"showSkybox":true,"showFlares":true,"showImageEffects":true,"showParticleSystems":true},"in2DMode":false,"pivot":{"x":484.1247253417969,"y":-508.00927734375,"z":619.0091552734375},"rotation":{"x":-0.36414575576782229,"y":-0.6353542804718018,"z":0.46655285358428957,"w":-0.49611297249794009},"size":569.2151489257813,"orthographic":false}