{"cameraMode":{"drawMode":0,"name":"Shaded","section":"Shading Mode"},"sceneLighting":false,"audioPlay":false,"sceneViewState":{"showFog":true,"showMaterialUpdate":false,"showSkybox":true,"showFlares":true,"showImageEffects":true,"showParticleSystems":true},"in2DMode":false,"pivot":{"x":465.87176513671877,"y":-276.94232177734377,"z":96.66429901123047},"rotation":{"x":-0.01195249892771244,"y":-0.9704022407531738,"z":0.23625439405441285,"w":-0.04943130537867546},"size":738.2671508789063,"orthographic":false}