{"cameraMode":{"drawMode":0,"name":"Shaded","section":"Shading Mode"},"sceneLighting":false,"audioPlay":false,"sceneViewState":{"showFog":true,"showMaterialUpdate":false,"showSkybox":true,"showFlares":true,"showImageEffects":true,"showParticleSystems":true},"in2DMode":false,"pivot":{"x":387.1943664550781,"y":3.3473708629608156,"z":609.1487426757813},"rotation":{"x":0.006178165785968304,"y":-0.8849239945411682,"z":-0.011653434485197068,"w":-0.46563291549682619},"size":31.83201789855957,"orthographic":false}