{"cameraMode":{"drawMode":0,"name":"Shaded","section":"Shading Mode"},"sceneLighting":false,"audioPlay":false,"sceneViewState":{"showFog":true,"showMaterialUpdate":false,"showSkybox":true,"showFlares":true,"showImageEffects":true,"showParticleSystems":true},"in2DMode":false,"pivot":{"x":377.2506408691406,"y":-4.3846330642700199,"z":602.6318359375},"rotation":{"x":-0.05467219650745392,"y":-0.9388740062713623,"z":0.17698989808559419,"w":-0.2903095781803131},"size":42.242225646972659,"orthographic":false}