{"cameraMode":{"drawMode":0,"name":"Shaded","section":"Shading Mode"},"sceneLighting":false,"audioPlay":false,"sceneViewState":{"showFog":true,"showMaterialUpdate":false,"showSkybox":true,"showFlares":true,"showImageEffects":true,"showParticleSystems":true},"in2DMode":false,"pivot":{"x":520.232666015625,"y":29.88255500793457,"z":0.0},"rotation":{"x":-0.054285261780023578,"y":0.005573670379817486,"z":-0.00025719788391143084,"w":-0.9985504746437073},"size":115.82923889160156,"orthographic":false}