{"cameraMode":{"drawMode":0,"name":"Shaded","section":"Shading Mode"},"sceneLighting":false,"audioPlay":false,"sceneViewState":{"showFog":true,"showMaterialUpdate":false,"showSkybox":true,"showFlares":true,"showImageEffects":true,"showParticleSystems":true},"in2DMode":false,"pivot":{"x":706.995361328125,"y":-87.24296569824219,"z":211.28823852539063},"rotation":{"x":-0.03983136638998985,"y":-0.933672308921814,"z":0.11006030440330506,"w":-0.33858057856559756},"size":592.4232177734375,"orthographic":false}