{"cameraMode":{"drawMode":0,"name":"Shaded","section":"Shading Mode"},"sceneLighting":false,"audioPlay":false,"sceneViewState":{"showFog":true,"showMaterialUpdate":false,"showSkybox":true,"showFlares":true,"showImageEffects":true,"showParticleSystems":true},"in2DMode":false,"pivot":{"x":453.840576171875,"y":-22.551145553588868,"z":530.1964111328125},"rotation":{"x":-0.13494035601615907,"y":-0.8614175915718079,"z":0.30116507411003115,"w":-0.38613027334213259},"size":121.90230560302735,"orthographic":false}